Truckids,steertireleft,steertireright,drive1tireleft,drive1tireright,drive2tireleft,drive2tireright,rear1tireleft,rear1tireright,rear2tireleft,rear2tireright
1,0.079646017699115,0.079646017699115,0.2654867256637169,0.3378027179449497,0.0438596491228064,0.0340142925489811,0.0598290598290607,0.2457001594896415,0.9962339241008844,0.0139992580588475
2,0.2436648526964523,0.1452389380541451,0.0948275862068965,0.8955370126349271,0.1150442477876106,0.5975132743368385,0.0353418803418418,0.1260419467598807,0.5371949647184127,0.1036899766896306
3,0.0167924702563381,0.0964912280701754,0.1196581196581201,0.9525458811502076,0.0282061491766478,0.0683760683760685,0.8673192081373394,0.9931974823626296,0.0354165908346385,0.0256410256410264